{"cameraMode":{"drawMode":0,"name":"Shaded","section":"Shading Mode"},"sceneLighting":true,"audioPlay":false,"sceneViewState":{"showFog":true,"showMaterialUpdate":false,"showSkybox":true,"showFlares":true,"showImageEffects":true,"showParticleSystems":true},"in2DMode":false,"pivot":{"x":4.565185546875,"y":-10.107196807861329,"z":1.6488075256347657},"rotation":{"x":-0.11943577229976654,"y":0.876160204410553,"z":-0.27999147772789,"w":-0.37374305725097659},"size":875.4200439453125,"orthographic":false}